[
null,
{"id":1,"battlerName":"Actor1_8","characterIndex":7,"characterName":"Actor1","classId":1,"equips":[1,0,2,3,0],"faceIndex":7,"faceName":"Actor1","traits":[],"initialLevel":4,"maxLevel":99,"name":"Duran","nickname":"","note":"<letbs_sprite>\npose(idle): _idle, 1\npose(move): _move, 4\npose(cast): _cast, 3\npose(atk): _atk, 4\npose(hit): _hit, 1\npose(dead): _dead, 1\nturn_order: auto\nstatus_sprite: auto\n</letbs_sprite>\n\n<letbs>\nmove_points: 6\n</letbs>","profile":""},
{"id":2,"battlerName":"Actor3_8","characterIndex":7,"characterName":"Actor3","classId":2,"equips":[2,0,2,3,4],"faceIndex":7,"faceName":"Actor3","traits":[],"initialLevel":4,"maxLevel":99,"name":"Angela","nickname":"","note":"<letbs_sprite>\npose(idle): _idle, 1\npose(move): _move, 4\npose(cast): _cast, 1\npose(charge): _cast, 1\npose(atk): _atk, 4\npose(hit): _hit, 1\npose(dead): _dead, 1\npose(turn_start): _victory, 5\npose(victory): _victory, 5\nturn_order: auto\nstatus_sprite: auto\n</letbs_sprite>\n\n<letbs>\nmove_points: 4\nmove_scope: square(2)\none_time_move\nai_pattern: ranged_fighter\n</letbs>\n\n<letbs_commands>\nmove 82, skill[42], [extra], skills,\nitems 182, scan 75, pass 74\n</letbs_commands>","profile":""},
{"id":3,"battlerName":"Actor2_7","characterIndex":6,"characterName":"Actor2","classId":3,"equips":[3,0,2,3,4],"faceIndex":6,"faceName":"Actor2","traits":[],"initialLevel":4,"maxLevel":99,"name":"Lucius","nickname":"","note":"<letbs_sprite>\npose(idle): use_chara\npose(dead): use_chara, Damage1, 3, 2\nturn_order: auto\nstatus_sprite: auto\n</letbs_sprite>\n\n<letbs>\nai_pattern: ranged_fighter\n</letbs>","profile":""},
{"id":4,"battlerName":"Actor3_7","characterIndex":6,"characterName":"Actor3","classId":4,"equips":[0,0,2,3,4],"faceIndex":6,"faceName":"Actor3","traits":[],"initialLevel":4,"maxLevel":99,"name":"Sebastien","nickname":"","note":"<letbs_sprite>\npose(idle): use_chara\npose(dead): use_chara, Damage1, 5, 2\nturn_order: auto\nstatus_sprite: auto\n</letbs_sprite>\n\n<letbs>\nai_pattern: ranged_fighter\n</letbs>","profile":"Plz kill me pourquoi ce Rattata est complètement con ?"},
{"id":5,"battlerName":"Actor1_8","characterIndex":0,"characterName":"Pokemon1","classId":5,"equips":[1,0,2,3,0],"faceIndex":0,"faceName":"Pokemon1","traits":[],"initialLevel":6,"maxLevel":99,"name":"Cléo","nickname":"","note":"<letbs_sprite>\npose(idle): _idle, 2\npose(move): _move, 3\npose(cast): _cast, 5\npose(atk): _atk, 3\npose(hit): _hit, 1\npose(dead): _dead, 1\nturn_order: auto\nstatus_sprite: auto\n</letbs_sprite>\n\n<letbs_commands>\nmove 82, [extra], skills, \nitems 182, scan 75, pass 74\n</letbs_commands>\n\n<letbs>\npassable_on_death\nmove_points: 4\n</letbs>","profile":""},
{"id":6,"battlerName":"Actor1_8","characterIndex":4,"characterName":"Pokemon1","classId":5,"equips":[1,0,2,3,0],"faceIndex":2,"faceName":"Pokemon1","traits":[],"initialLevel":5,"maxLevel":99,"name":"Nata","nickname":"","note":"<letbs_sprite>\npose(idle): _idle, 2\npose(move): _move, 3\npose(cast): _cast, 5\npose(atk): _atk, 3\npose(hit): _hit, 1\npose(dead): _dead, 1\nturn_order: auto\nstatus_sprite: auto\n</letbs_sprite>\n\n<letbs_commands>\nmove 82, [extra], skills, \nitems 182, scan 75, pass 74\n</letbs_commands>\n\n<letbs>\npassable_on_death\nmove_points: 4\n</letbs>","profile":""},
{"id":7,"battlerName":"Actor1_8","characterIndex":5,"characterName":"$absol","classId":6,"equips":[1,0,2,3,0],"faceIndex":1,"faceName":"Pokemon1","traits":[],"initialLevel":5,"maxLevel":99,"name":"Absol","nickname":"","note":"<letbs_sprite>\npose(idle): _idle, 2\npose(move): _move, 3\npose(hit): _hit, 1\npose(dead): use_chara, DamagePoke1, 0, 3\nturn_order: auto\nstatus_sprite: auto\n</letbs_sprite>\n\n<letbs_commands>\nmove 82, [extra], skills, \nitems 182, scan 75, pass 74\n</letbs_commands>\n\n<letbs>\npassable_on_death\nmove_points: 4\n</letbs>","profile":""},
{"id":8,"battlerName":"","characterIndex":0,"characterName":"$pingoleon","classId":7,"equips":[0,0,0,0,0],"faceIndex":5,"faceName":"Pokemon1","traits":[],"initialLevel":10,"maxLevel":99,"name":"Pingoleon","nickname":"","note":"<letbs_sprite>\npose(idle): _idle, 2\npose(move): _move, 3\npose(cast): _atk, 3\npose(atk): _atk, 3\npose(hit): _hit, 1\npose(dead): _dead, 1\nturn_order: auto\nstatus_sprite: auto\n</letbs_sprite>\n\n<letbs_commands>\nmove 82, [extra], skills, \nitems 182, scan 75, pass 74\n</letbs_commands>\n\n<letbs>\npassable_on_death\nmove_points: 4\n</letbs>","profile":""},
{"id":9,"battlerName":"","characterIndex":0,"characterName":"","classId":8,"equips":[0,0,0,0,0],"faceIndex":6,"faceName":"Pokemon1","traits":[],"initialLevel":10,"maxLevel":99,"name":"Motisma","nickname":"Talent : Levitation","note":"<letbs_sprite>\npose(idle): _idle, 2\npose(move): _move, 3\npose(cast): _atk, 3\npose(atk): _atk, 3\npose(hit): _hit, 1\npose(dead): _dead, 1\nturn_order: auto\nstatus_sprite: auto\n</letbs_sprite>\n\n<letbs_commands>\nmove 82, [extra], skills, \nitems 182, scan 75, pass 74\n</letbs_commands>\n\n<letbs>\npassable_on_death\nmove_points: 6\n</letbs>","profile":""},
{"id":10,"battlerName":"","characterIndex":0,"characterName":"","classId":1,"equips":[0,0,0,0,0],"faceIndex":0,"faceName":"","traits":[],"initialLevel":1,"maxLevel":99,"name":"---Summons---","nickname":"","note":"","profile":""},
{"id":11,"battlerName":"","characterIndex":4,"characterName":"Nature","classId":12,"equips":[1,0,0,0,0],"faceIndex":4,"faceName":"Nature","traits":[],"initialLevel":1,"maxLevel":99,"name":"Wind Spirit","nickname":"","note":"<letbs_sprite>\npose(idle): use_chara\npose(dead): use_chara, Damage3, 0, 0\nturn_order: auto\nstatus_sprite: auto\n</letbs_sprite>\n\n<letbs>\nai_pattern: ranged_fighter\nai_no_attack\n</letbs>","profile":""},
{"id":12,"battlerName":"","characterIndex":5,"characterName":"Nature","classId":13,"equips":[1,0,0,0,0],"faceIndex":5,"faceName":"Nature","traits":[],"initialLevel":1,"maxLevel":99,"name":"Pixie","nickname":"","note":"<letbs_sprite>\npose(idle): use_chara\npose(dead): use_chara, Damage3, 0, 1\nturn_order: auto\nstatus_sprite: auto\n</letbs_sprite>\n\n<letbs>\nai_control\nai_pattern: ranged_fighter\nai_no_attack\n</letbs>","profile":""},
{"id":13,"battlerName":"","characterIndex":2,"characterName":"Nature","classId":14,"equips":[1,0,0,0,0],"faceIndex":2,"faceName":"Nature","traits":[],"initialLevel":1,"maxLevel":99,"name":"Fire Chicken","nickname":"","note":"<letbs_sprite>\npose(idle): use_chara\nturn_order: auto\nstatus_sprite: auto\n</letbs_sprite>\n\n<letbs>\nmove_points: 4\nai_no_attack\nai_control\nloop_animation: 262\n</letbs>","profile":""},
{"id":14,"battlerName":"","characterIndex":0,"characterName":"","classId":1,"equips":[0,0,0,0,0],"faceIndex":0,"faceName":"","traits":[],"initialLevel":1,"maxLevel":99,"name":"","nickname":"","note":"","profile":""},
{"id":15,"battlerName":"","characterIndex":0,"characterName":"","classId":1,"equips":[0,0,0,0,0],"faceIndex":0,"faceName":"","traits":[],"initialLevel":1,"maxLevel":99,"name":"","nickname":"","note":"","profile":""},
{"id":16,"battlerName":"","characterIndex":0,"characterName":"","classId":1,"equips":[0,0,0,0,0],"faceIndex":0,"faceName":"","traits":[],"initialLevel":1,"maxLevel":99,"name":"","nickname":"","note":"","profile":""},
{"id":17,"battlerName":"","characterIndex":0,"characterName":"","classId":1,"equips":[0,0,0,0,0],"faceIndex":0,"faceName":"","traits":[],"initialLevel":1,"maxLevel":99,"name":"","nickname":"","note":"","profile":""},
{"id":18,"battlerName":"","characterIndex":0,"characterName":"","classId":1,"equips":[0,0,0,0,0],"faceIndex":0,"faceName":"","traits":[],"initialLevel":1,"maxLevel":99,"name":"","nickname":"","note":"","profile":""},
{"id":19,"battlerName":"","characterIndex":0,"characterName":"","classId":1,"equips":[0,0,0,0,0],"faceIndex":0,"faceName":"","traits":[],"initialLevel":1,"maxLevel":99,"name":"","nickname":"","note":"","profile":""},
{"id":20,"battlerName":"","characterIndex":0,"characterName":"","classId":1,"equips":[0,0,0,0,0],"faceIndex":0,"faceName":"","traits":[],"initialLevel":1,"maxLevel":99,"name":"","nickname":"","note":"","profile":""},
{"id":21,"battlerName":"","characterIndex":0,"characterName":"","classId":1,"equips":[0,0,0,0,0],"faceIndex":0,"faceName":"","traits":[],"initialLevel":1,"maxLevel":99,"name":"---Other---","nickname":"","note":"","profile":""},
{"id":22,"battlerName":"","characterIndex":7,"characterName":"People3","classId":11,"equips":[1,0,2,3,0],"faceIndex":7,"faceName":"People3","traits":[],"initialLevel":4,"maxLevel":99,"name":"Guard","nickname":"","note":"<letbs_sprite>\npose(idle): use_chara\npose(dead): use_chara, Damage2, 5, 3\nturn_order: auto\nstatus_sprite: auto\n</letbs_sprite>\n\n<letbs>\nmove_points: 4\nai_control\n</letbs>","profile":""},
{"id":23,"battlerName":"","characterIndex":0,"characterName":"","classId":1,"equips":[0,0,0,0,0],"faceIndex":0,"faceName":"","traits":[],"initialLevel":1,"maxLevel":99,"name":"","nickname":"","note":"","profile":""},
{"id":24,"battlerName":"","characterIndex":0,"characterName":"","classId":1,"equips":[0,0,0,0,0],"faceIndex":0,"faceName":"","traits":[],"initialLevel":1,"maxLevel":99,"name":"","nickname":"","note":"","profile":""},
{"id":25,"battlerName":"","characterIndex":0,"characterName":"","classId":1,"equips":[0,0,0,0,0],"faceIndex":0,"faceName":"","traits":[],"initialLevel":1,"maxLevel":99,"name":"","nickname":"","note":"","profile":""},
{"id":26,"battlerName":"","characterIndex":0,"characterName":"","classId":1,"equips":[0,0,0,0,0],"faceIndex":0,"faceName":"","traits":[],"initialLevel":1,"maxLevel":99,"name":"","nickname":"","note":"","profile":""},
{"id":27,"battlerName":"","characterIndex":0,"characterName":"","classId":1,"equips":[0,0,0,0,0],"faceIndex":0,"faceName":"","traits":[],"initialLevel":1,"maxLevel":99,"name":"","nickname":"","note":"","profile":""},
{"id":28,"battlerName":"","characterIndex":0,"characterName":"","classId":1,"equips":[0,0,0,0,0],"faceIndex":0,"faceName":"","traits":[],"initialLevel":1,"maxLevel":99,"name":"","nickname":"","note":"","profile":""},
{"id":29,"battlerName":"","characterIndex":0,"characterName":"","classId":1,"equips":[0,0,0,0,0],"faceIndex":0,"faceName":"","traits":[],"initialLevel":1,"maxLevel":99,"name":"","nickname":"","note":"","profile":""},
{"id":30,"battlerName":"","characterIndex":0,"characterName":"","classId":1,"equips":[0,0,0,0,0],"faceIndex":0,"faceName":"","traits":[],"initialLevel":1,"maxLevel":99,"name":"","nickname":"","note":"","profile":""}
]