[
null,
{"id":1,"list":[{"code":356,"indent":0,"parameters":["LeTBS PrepareSequence"]},{"code":108,"indent":0,"parameters":["wait: 6"]},{"code":408,"indent":0,"parameters":["look_at: active_entity, cursor_cell"]},{"code":408,"indent":0,"parameters":["play_pose: active_entity, atk, wait"]},{"code":408,"indent":0,"parameters":["play_se: Crossbow"]},{"code":408,"indent":0,"parameters":["push: cursor_battler, cells_of(active_entity), 1"]},{"code":408,"indent":0,"parameters":["wait: 12"]},{"code":356,"indent":0,"parameters":["LeTBS ExecuteSequence ScanEntity Wait"]},{"code":0,"indent":0,"parameters":[]}],"name":"Push Object","switchId":1,"trigger":0},
{"id":2,"list":[{"code":356,"indent":0,"parameters":["LeTBS PrepareSequence"]},{"code":108,"indent":0,"parameters":["wait: 6"]},{"code":408,"indent":0,"parameters":["look_at: active_entity, cursor_cell"]},{"code":408,"indent":0,"parameters":["play_pose: active_entity, atk, wait"]},{"code":408,"indent":0,"parameters":["play_se: Chest1"]},{"code":408,"indent":0,"parameters":["set_direction: user, 4"]},{"code":408,"indent":0,"parameters":["wait: 3"]},{"code":108,"indent":0,"parameters":["set_direction: user, 6"]},{"code":408,"indent":0,"parameters":["wait: 3,"]},{"code":408,"indent":0,"parameters":["set_direction: user, 8"]},{"code":408,"indent":0,"parameters":["wait: 3"]},{"code":356,"indent":0,"parameters":["LeTBS ExecuteSequence ScanEntity Wait"]},{"code":125,"indent":0,"parameters":[0,0,200]},{"code":101,"indent":0,"parameters":["",0,0,2]},{"code":401,"indent":0,"parameters":["200\\G were found!"]},{"code":356,"indent":0,"parameters":["LeTBS ScanCommand Entity(ScanEntity) Open Disable"]},{"code":0,"indent":0,"parameters":[]}],"name":"Open Wooden Chest","switchId":1,"trigger":0},
{"id":3,"list":[{"code":356,"indent":0,"parameters":["LeTBS PrepareSequence"]},{"code":108,"indent":0,"parameters":["wait: 6"]},{"code":408,"indent":0,"parameters":["look_at: active_entity, cursor_cell"]},{"code":408,"indent":0,"parameters":["play_pose: active_entity, atk, wait"]},{"code":408,"indent":0,"parameters":["play_se: Chest1"]},{"code":408,"indent":0,"parameters":["set_direction: user, 4"]},{"code":408,"indent":0,"parameters":["wait: 3"]},{"code":108,"indent":0,"parameters":["set_direction: user, 6"]},{"code":408,"indent":0,"parameters":["wait: 3,"]},{"code":408,"indent":0,"parameters":["set_direction: user, 8"]},{"code":408,"indent":0,"parameters":["wait: 3"]},{"code":356,"indent":0,"parameters":["LeTBS ExecuteSequence ScanEntity Wait"]},{"code":125,"indent":0,"parameters":[0,0,2000]},{"code":101,"indent":0,"parameters":["",0,0,2]},{"code":401,"indent":0,"parameters":["2000\\G were found!"]},{"code":356,"indent":0,"parameters":["LeTBS ScanCommand Entity(ScanEntity) Open Disable"]},{"code":0,"indent":0,"parameters":[]}],"name":"Open Silver Chest","switchId":1,"trigger":0},
{"id":4,"list":[{"code":356,"indent":0,"parameters":["LeTBS PrepareSequence"]},{"code":108,"indent":0,"parameters":["wait: 6"]},{"code":408,"indent":0,"parameters":["look_at: active_entity, cursor_cell"]},{"code":408,"indent":0,"parameters":["play_pose: active_entity, atk, wait"]},{"code":408,"indent":0,"parameters":["play_se: Chest1"]},{"code":408,"indent":0,"parameters":["set_direction: user, 4"]},{"code":408,"indent":0,"parameters":["wait: 3"]},{"code":108,"indent":0,"parameters":["set_direction: user, 6"]},{"code":408,"indent":0,"parameters":["wait: 3,"]},{"code":408,"indent":0,"parameters":["set_direction: user, 8"]},{"code":408,"indent":0,"parameters":["wait: 3"]},{"code":356,"indent":0,"parameters":["LeTBS ExecuteSequence ScanEntity Wait"]},{"code":125,"indent":0,"parameters":[0,0,10000]},{"code":101,"indent":0,"parameters":["",0,0,2]},{"code":401,"indent":0,"parameters":["10000\\G were found!"]},{"code":356,"indent":0,"parameters":["LeTBS ScanCommand Entity(ScanEntity) Open Disable"]},{"code":0,"indent":0,"parameters":[]}],"name":"Open Golden Chest","switchId":1,"trigger":0},
{"id":5,"list":[{"code":108,"indent":0,"parameters":["<LeTBS> Trigger_Type: entity_death"]},{"code":108,"indent":0,"parameters":["Triggered when a mage bandit die."]},{"code":408,"indent":0,"parameters":["'Entity' refers to the mage bandit."]},{"code":356,"indent":0,"parameters":["LeTBS AddEntity Enemy(38) Entity Neutral 0 goods"]},{"code":356,"indent":0,"parameters":["LeTBS ForceJump FlaggedEntity(goods) Away Entity Infinity 120 Wait"]},{"code":250,"indent":0,"parameters":[{"name":"Equip1","volume":100,"pitch":100,"pan":0}]},{"code":356,"indent":0,"parameters":["LeTBS ResetCell"]},{"code":0,"indent":0,"parameters":[]}],"name":"Drop Stolen Goods","switchId":1,"trigger":0},
{"id":6,"list":[{"code":356,"indent":0,"parameters":["LeTBS RemoveEntity FlaggedEntity(goods)"]},{"code":250,"indent":0,"parameters":[{"name":"Equip1","volume":100,"pitch":100,"pan":0}]},{"code":356,"indent":0,"parameters":["LeTBSWinCds ActivateFlag goods_collected"]},{"code":0,"indent":0,"parameters":[]}],"name":"Stolen Goods Collected","switchId":1,"trigger":0},
{"id":7,"list":[{"code":0,"indent":0,"parameters":[]}],"name":"","switchId":1,"trigger":0},
{"id":8,"list":[{"code":0,"indent":0,"parameters":[]}],"name":"","switchId":1,"trigger":0},
{"id":9,"list":[{"code":0,"indent":0,"parameters":[]}],"name":"","switchId":1,"trigger":0},
{"id":10,"list":[{"code":0,"indent":0,"parameters":[]}],"name":"","switchId":1,"trigger":0}
]