[
null,
{"id":1,"actions":[{"conditionParam1":0,"conditionParam2":0,"conditionType":0,"rating":5,"skillId":1}],"battlerHue":0,"battlerName":"Bat","dropItems":[{"dataId":1,"denominator":1,"kind":0},{"dataId":1,"denominator":1,"kind":0},{"dataId":1,"denominator":1,"kind":0}],"exp":0,"traits":[{"code":22,"dataId":0,"value":0.95},{"code":22,"dataId":1,"value":0.05},{"code":31,"dataId":1,"value":0}],"gold":0,"name":"Bat","note":"<letbs>\nuse_character\nauto_turn_order_face\nauto_status_sprite\ncharacter_name: Monster\ncharacter_index: 0\nai_pattern: ranged_fighter\nsequence(dead): dead_vanish\nhas_no_corpse\n</letbs>","params":[80,12,11,8,8,4,25,30]},
{"id":2,"actions":[{"conditionParam1":0,"conditionParam2":0,"conditionType":0,"rating":3,"skillId":41},{"conditionParam1":0,"conditionParam2":0,"conditionType":0,"rating":1,"skillId":1}],"battlerHue":0,"battlerName":"Mago","dropItems":[{"dataId":1,"denominator":1,"kind":0},{"dataId":1,"denominator":1,"kind":0},{"dataId":1,"denominator":1,"kind":0}],"exp":0,"traits":[{"code":22,"dataId":0,"value":0.95},{"code":22,"dataId":1,"value":0.05},{"code":31,"dataId":1,"value":0}],"gold":0,"name":"Mago","note":"<letbs>\nauto_turn_order_face\nauto_status_sprite\nai_pattern: ranged_fighter\n</letbs>","params":[60,18,8,6,16,6,22,30]},
{"id":3,"actions":[{"conditionParam1":0,"conditionParam2":0,"conditionType":0,"rating":5,"skillId":1}],"battlerHue":0,"battlerName":"Rabbit","dropItems":[{"dataId":1,"denominator":1,"kind":0},{"dataId":1,"denominator":1,"kind":0},{"dataId":1,"denominator":1,"kind":0}],"exp":0,"traits":[{"code":22,"dataId":0,"value":0.95},{"code":22,"dataId":1,"value":5},{"code":31,"dataId":1,"value":0}],"gold":0,"name":"Rabbit","note":"<letbs>\nauto_turn_order_face\nauto_status_sprite\none_time_move\nfusion_state: 24\n</letbs>\n55 hp","params":[55,0,10,8,8,4,27,30]},
{"id":4,"actions":[{"conditionParam1":0,"conditionParam2":0,"conditionType":0,"rating":1,"skillId":1}],"battlerHue":0,"battlerName":"Mago","dropItems":[{"dataId":1,"denominator":1,"kind":0},{"dataId":1,"denominator":1,"kind":0},{"dataId":1,"denominator":1,"kind":0}],"exp":0,"traits":[{"code":22,"dataId":0,"value":0.95},{"code":22,"dataId":1,"value":0.05},{"code":31,"dataId":1,"value":0}],"gold":0,"name":"Great Mago","note":"<letbs>\nauto_turn_order_face\nauto_status_sprite\nai_pattern: ranged_fighter\nsprite_name: Mago\nsprite_config: Mago\nsprite_scale: 1.2, 1.2\nsprite_hue: 150\n</letbs>","params":[90,36,10,7,19,7,23,30]},
{"id":5,"actions":[{"conditionParam1":0,"conditionParam2":0,"conditionType":0,"rating":1,"skillId":1}],"battlerHue":0,"battlerName":"Mago","dropItems":[{"dataId":1,"denominator":1,"kind":0},{"dataId":1,"denominator":1,"kind":0},{"dataId":1,"denominator":1,"kind":0}],"exp":0,"traits":[{"code":22,"dataId":0,"value":0.95},{"code":22,"dataId":1,"value":0.05},{"code":31,"dataId":1,"value":0}],"gold":0,"name":"Fire Mago","note":"<letbs>\nauto_turn_order_face\nauto_status_sprite\nai_pattern: ranged_fighter\nsprite_name: Mago\nsprite_config: Mago\nsprite_scale: 1.2, 1.2\nsprite_hue: 280\n</letbs>","params":[90,36,10,7,19,7,23,30]},
{"id":6,"actions":[],"battlerHue":0,"battlerName":"Pyra","dropItems":[{"dataId":1,"denominator":1,"kind":0},{"dataId":1,"denominator":1,"kind":0},{"dataId":1,"denominator":1,"kind":0}],"exp":0,"traits":[{"code":22,"dataId":0,"value":0.95},{"code":22,"dataId":1,"value":0.05},{"code":31,"dataId":2,"value":0},{"code":11,"dataId":2,"value":0},{"code":11,"dataId":3,"value":1.5},{"code":11,"dataId":5,"value":1.5}],"gold":0,"name":"Pyra","note":"<letbs>\nauto_turn_order_face\nauto_status_sprite\nmove_points: 2\nsprite_name: Fire Element\n</letbs>","params":[30,50,6,8,6,4,27,30]},
{"id":7,"actions":[{"conditionParam1":0,"conditionParam2":0,"conditionType":0,"rating":5,"skillId":1},{"conditionParam1":0,"conditionParam2":0,"conditionType":0,"rating":9,"skillId":169}],"battlerHue":0,"battlerName":"Bandit","dropItems":[{"dataId":1,"denominator":1,"kind":0},{"dataId":1,"denominator":1,"kind":0},{"dataId":1,"denominator":1,"kind":0}],"exp":0,"traits":[{"code":22,"dataId":0,"value":0.95},{"code":22,"dataId":1,"value":0.05},{"code":31,"dataId":1,"value":0}],"gold":0,"name":"Bandit","note":"<letbs_sprite>\npose(idle): use_chara, Evil, 0\npose(dead): use_chara, Damage2, 0, 0\nturn_order: auto\nstatus_sprite: auto\n</letbs_sprite>","params":[80,12,14,10,10,7,25,30]},
{"id":8,"actions":[{"conditionParam1":0,"conditionParam2":0,"conditionType":0,"rating":5,"skillId":1}],"battlerHue":0,"battlerName":"Mage Bandit","dropItems":[{"dataId":1,"denominator":1,"kind":0},{"dataId":1,"denominator":1,"kind":0},{"dataId":1,"denominator":1,"kind":0}],"exp":0,"traits":[{"code":22,"dataId":0,"value":0.95},{"code":22,"dataId":1,"value":0.05},{"code":31,"dataId":1,"value":0}],"gold":0,"name":"Mage Bandit","note":"<letbs_sprite>\npose(idle): use_chara, Evil, 2\npose(dead): use_chara, Damage2, 0, 2\nturn_order: auto\nstatus_sprite: auto\n</letbs_sprite>\n\n<letbs>\ntied_events: 5\n</letbs>","params":[80,12,11,8,8,4,25,30]},
{"id":9,"actions":[{"conditionParam1":0,"conditionParam2":0,"conditionType":0,"rating":5,"skillId":174},{"conditionParam1":0,"conditionParam2":0,"conditionType":0,"rating":5,"skillId":403}],"battlerHue":0,"battlerName":"Bandit","dropItems":[{"dataId":1,"denominator":1,"kind":0},{"dataId":1,"denominator":1,"kind":0},{"dataId":1,"denominator":1,"kind":0}],"exp":0,"traits":[{"code":13,"dataId":12,"value":0},{"code":11,"dataId":3,"value":0.7},{"code":11,"dataId":5,"value":0.7},{"code":11,"dataId":7,"value":0.7},{"code":11,"dataId":13,"value":0.7},{"code":11,"dataId":18,"value":0.7},{"code":11,"dataId":19,"value":0.7},{"code":11,"dataId":4,"value":1.4},{"code":11,"dataId":10,"value":1.4},{"code":11,"dataId":14,"value":1.4}],"gold":0,"name":"Goupix","note":"<letbs_sprite>\npose(idle): _idle, 2\npose(move): _move, 3\npose(cast): _cast, 5\npose(atk): _atk, 3\npose(hit): _hit, 1\npose(dead): _dead, 1\nturn_order: auto\nstatus_sprite: auto\n</letbs_sprite>\n\n<enemy level: 2 />","params":[14,0,6,7,7,8,8,1]},
{"id":10,"actions":[{"conditionParam1":0,"conditionParam2":0,"conditionType":0,"rating":5,"skillId":1}],"battlerHue":0,"battlerName":"Bandit","dropItems":[{"dataId":1,"denominator":1,"kind":0},{"dataId":1,"denominator":1,"kind":0},{"dataId":1,"denominator":1,"kind":0}],"exp":0,"traits":[{"code":22,"dataId":0,"value":0.95},{"code":22,"dataId":1,"value":0.05},{"code":31,"dataId":1,"value":0}],"gold":0,"name":"Prismillion niv 15","note":"<letbs_sprite>\npose(idle): use_chara, Pokemon, 1\npose(dead): use_chara, Damage2, 0, 0\nturn_order: auto\nstatus_sprite: auto\n</letbs_sprite>","params":[14,0,6,7,7,8,8,1]},
{"id":11,"actions":[{"conditionParam1":0,"conditionParam2":0,"conditionType":0,"rating":5,"skillId":176},{"conditionParam1":0,"conditionParam2":0,"conditionType":0,"rating":1,"skillId":655}],"battlerHue":0,"battlerName":"Bandit","dropItems":[{"kind":0,"dataId":0,"denominator":1},{"dataId":1,"denominator":1,"kind":0},{"dataId":1,"denominator":1,"kind":0}],"exp":0,"traits":[],"gold":0,"name":"Rattata","note":"<letbs_sprite>\npose(idle): use_chara, Pokemon1, 1\npose(dead): use_chara, DamagePoke1, 0, 1\nturn_order: auto\nstatus_sprite: auto\n</letbs_sprite>\n\n<letbs>\npassable_on_death\nmove_points: 4\n</letbs>\n\n<enemy level: 4 />","params":[22,0,11,9,8,9,12,1]},
{"id":12,"actions":[{"conditionParam1":0,"conditionParam2":0,"conditionType":0,"rating":1,"skillId":652},{"conditionParam1":0,"conditionParam2":0,"conditionType":0,"rating":1,"skillId":653},{"conditionParam1":0,"conditionParam2":0,"conditionType":0,"rating":5,"skillId":176}],"battlerHue":0,"battlerName":"Bandit","dropItems":[{"dataId":1,"denominator":1,"kind":0},{"dataId":1,"denominator":1,"kind":0},{"dataId":1,"denominator":1,"kind":0}],"exp":0,"traits":[],"gold":0,"name":"Rattatatsoin","note":"<letbs_sprite>\npose(idle): use_chara, Pokemon1, 2\npose(dead): use_chara, DamagePoke1, 0, 3\nturn_order: auto\nstatus_sprite: auto\n</letbs_sprite>\n\n<letbs>\npassable_on_death\nmove_points: 4\n</letbs>\n\n<enemy level: 4 />","params":[22,0,10,9,8,9,12,1]},
{"id":13,"actions":[{"conditionParam1":0,"conditionParam2":0,"conditionType":0,"rating":5,"skillId":176},{"conditionParam1":0,"conditionParam2":0,"conditionType":0,"rating":6,"skillId":654},{"conditionParam1":0,"conditionParam2":0,"conditionType":0,"rating":5,"skillId":182}],"battlerHue":0,"battlerName":"Bandit","dropItems":[{"dataId":1,"denominator":1,"kind":0},{"dataId":1,"denominator":1,"kind":0},{"dataId":1,"denominator":1,"kind":0}],"exp":0,"traits":[],"gold":0,"name":"Roittata","note":"<letbs_sprite>\npose(idle): use_chara, Pokemon1, 3\npose(dead): use_chara, DamagePoke1, 1, 0\nturn_order: auto\nstatus_sprite: auto\n</letbs_sprite>\n\n<letbs>\npassable_on_death\nmove_points: 5\n</letbs>\n\n<enemy level: 10 />","params":[70,0,16,15,9,15,22,1]},
{"id":14,"actions":[{"conditionParam1":0,"conditionParam2":0,"conditionType":0,"rating":5,"skillId":176},{"conditionParam1":0,"conditionParam2":0,"conditionType":0,"rating":1,"skillId":655}],"battlerHue":0,"battlerName":"Bandit","dropItems":[{"kind":0,"dataId":0,"denominator":1},{"dataId":1,"denominator":1,"kind":0},{"dataId":1,"denominator":1,"kind":0}],"exp":0,"traits":[],"gold":0,"name":"Rattata","note":"<letbs_sprite>\npose(idle): use_chara, Pokemon1, 1\npose(dead): use_chara, DamagePoke1, 0, 1\nturn_order: auto\nstatus_sprite: auto\n</letbs_sprite>\n\n<letbs>\npassable_on_death\nmove_points: 4\n</letbs>\n\n<enemy level: 6 />","params":[35,0,14,11,9,11,15,1]},
{"id":15,"actions":[{"conditionParam1":0,"conditionParam2":0,"conditionType":0,"rating":1,"skillId":652},{"conditionParam1":0,"conditionParam2":0,"conditionType":0,"rating":1,"skillId":653},{"conditionParam1":0,"conditionParam2":0,"conditionType":0,"rating":5,"skillId":176}],"battlerHue":0,"battlerName":"Bandit","dropItems":[{"dataId":1,"denominator":1,"kind":0},{"dataId":1,"denominator":1,"kind":0},{"dataId":1,"denominator":1,"kind":0}],"exp":0,"traits":[],"gold":0,"name":"Rattatatsoin","note":"<letbs_sprite>\npose(idle): use_chara, Pokemon1, 2\npose(dead): use_chara, DamagePoke1, 0, 3\nturn_order: auto\nstatus_sprite: auto\n</letbs_sprite>\n\n<letbs>\npassable_on_death\nmove_points: 4\n</letbs>\n\n<enemy level: 5 />","params":[31,0,12,10,9,10,13,1]},
{"id":16,"actions":[{"conditionParam1":0,"conditionParam2":0,"conditionType":0,"rating":5,"skillId":177},{"conditionParam1":0,"conditionParam2":0,"conditionType":0,"rating":9,"skillId":179},{"conditionParam1":0,"conditionParam2":0,"conditionType":0,"rating":1,"skillId":180}],"battlerHue":0,"battlerName":"","dropItems":[{"dataId":1,"denominator":1,"kind":0},{"dataId":1,"denominator":1,"kind":0},{"dataId":1,"denominator":1,"kind":0}],"exp":0,"traits":[{"code":11,"dataId":2,"value":0.7},{"code":11,"dataId":4,"value":0.7},{"code":11,"dataId":11,"value":0.7},{"code":11,"dataId":13,"value":0.7},{"code":11,"dataId":12,"value":0.7},{"code":11,"dataId":14,"value":0.7},{"code":11,"dataId":16,"value":0.7},{"code":11,"dataId":19,"value":0.7},{"code":11,"dataId":10,"value":1.4},{"code":11,"dataId":8,"value":1.4},{"code":11,"dataId":6,"value":1.4},{"code":11,"dataId":7,"value":0.35},{"code":11,"dataId":18,"value":0.35},{"code":11,"dataId":9,"value":0.25},{"code":13,"dataId":16,"value":0}],"gold":0,"name":"Pingoleon","note":"<letbs_sprite>\npose(idle): _idle, 2\npose(move): _move, 3\npose(cast): _atk, 3\npose(atk): _atk, 3\npose(hit): _hit, 1\npose(dead): _dead, 1\nturn_order: auto\nstatus_sprite: auto\n</letbs_sprite>\n\n<letbs>\npassable_on_death\nmove_points: 4\n</letbs>\n\n<enemy level: 10 />","params":[50,6,18,20,19,19,16,1]},
{"id":17,"actions":[{"conditionParam1":0,"conditionParam2":0,"conditionType":0,"rating":5,"skillId":181},{"conditionParam1":0,"conditionParam2":0,"conditionType":0,"rating":4,"skillId":656}],"battlerHue":0,"battlerName":"","dropItems":[{"dataId":1,"denominator":1,"kind":0},{"dataId":1,"denominator":1,"kind":0},{"dataId":1,"denominator":1,"kind":0}],"exp":0,"traits":[{"code":11,"dataId":2,"value":0.25},{"code":11,"dataId":8,"value":0.25},{"code":11,"dataId":11,"value":0.7},{"code":11,"dataId":13,"value":0.7},{"code":11,"dataId":6,"value":0.7},{"code":11,"dataId":9,"value":0.7},{"code":11,"dataId":18,"value":0.7},{"code":11,"dataId":15,"value":1.4},{"code":11,"dataId":17,"value":1.4},{"code":11,"dataId":10,"value":0}],"gold":0,"name":"Motisma","note":"<letbs_sprite>\npose(idle): _idle, 2\npose(move): _move, 3\npose(cast): _atk, 3\npose(atk): _atk, 3\npose(hit): _hit, 1\npose(dead): _dead, 1\nturn_order: auto\nstatus_sprite: auto\n</letbs_sprite>\n\n<letbs>\npassable_on_death\nmove_points: 6\nai_pattern: ranged_fighter\n</letbs>\n\n<enemy level: 10 />","params":[40,6,18,23,27,23,26,1]},
{"id":18,"actions":[{"conditionParam1":0,"conditionParam2":0,"conditionType":0,"rating":5,"skillId":1}],"battlerHue":0,"battlerName":"","dropItems":[{"dataId":1,"denominator":1,"kind":0},{"dataId":1,"denominator":1,"kind":0},{"dataId":1,"denominator":1,"kind":0}],"exp":0,"traits":[{"code":22,"dataId":0,"value":0.95},{"code":22,"dataId":1,"value":0.05},{"code":31,"dataId":1,"value":0}],"gold":0,"name":"","note":"","params":[100,0,10,10,10,10,10,10]},
{"id":19,"actions":[{"conditionParam1":0,"conditionParam2":0,"conditionType":0,"rating":5,"skillId":1}],"battlerHue":0,"battlerName":"","dropItems":[{"dataId":1,"denominator":1,"kind":0},{"dataId":1,"denominator":1,"kind":0},{"dataId":1,"denominator":1,"kind":0}],"exp":0,"traits":[{"code":22,"dataId":0,"value":0.95},{"code":22,"dataId":1,"value":0.05},{"code":31,"dataId":1,"value":0}],"gold":0,"name":"","note":"","params":[100,0,10,10,10,10,10,10]},
{"id":20,"actions":[{"conditionParam1":0,"conditionParam2":0,"conditionType":0,"rating":5,"skillId":1}],"battlerHue":0,"battlerName":"","dropItems":[{"dataId":1,"denominator":1,"kind":0},{"dataId":1,"denominator":1,"kind":0},{"dataId":1,"denominator":1,"kind":0}],"exp":0,"traits":[{"code":22,"dataId":0,"value":0.95},{"code":22,"dataId":1,"value":0.05},{"code":31,"dataId":1,"value":0}],"gold":0,"name":"","note":"","params":[100,0,10,10,10,10,10,10]},
{"id":21,"actions":[{"conditionParam1":0,"conditionParam2":0,"conditionType":0,"rating":5,"skillId":1}],"battlerHue":0,"battlerName":"","dropItems":[{"dataId":1,"denominator":1,"kind":0},{"dataId":1,"denominator":1,"kind":0},{"dataId":1,"denominator":1,"kind":0}],"exp":0,"traits":[{"code":22,"dataId":0,"value":0.95},{"code":22,"dataId":1,"value":0.05},{"code":31,"dataId":1,"value":0}],"gold":0,"name":"","note":"","params":[100,0,10,10,10,10,10,10]},
{"id":22,"actions":[{"conditionParam1":0,"conditionParam2":0,"conditionType":0,"rating":5,"skillId":1}],"battlerHue":0,"battlerName":"","dropItems":[{"dataId":1,"denominator":1,"kind":0},{"dataId":1,"denominator":1,"kind":0},{"dataId":1,"denominator":1,"kind":0}],"exp":0,"traits":[{"code":22,"dataId":0,"value":0.95},{"code":22,"dataId":1,"value":0.05},{"code":31,"dataId":1,"value":0}],"gold":0,"name":"","note":"","params":[100,0,10,10,10,10,10,10]},
{"id":23,"actions":[{"conditionParam1":0,"conditionParam2":0,"conditionType":0,"rating":5,"skillId":1}],"battlerHue":0,"battlerName":"","dropItems":[{"dataId":1,"denominator":1,"kind":0},{"dataId":1,"denominator":1,"kind":0},{"dataId":1,"denominator":1,"kind":0}],"exp":0,"traits":[{"code":22,"dataId":0,"value":0.95},{"code":22,"dataId":1,"value":0.05},{"code":31,"dataId":1,"value":0}],"gold":0,"name":"","note":"","params":[100,0,10,10,10,10,10,10]},
{"id":24,"actions":[{"conditionParam1":0,"conditionParam2":0,"conditionType":0,"rating":5,"skillId":1}],"battlerHue":0,"battlerName":"","dropItems":[{"dataId":1,"denominator":1,"kind":0},{"dataId":1,"denominator":1,"kind":0},{"dataId":1,"denominator":1,"kind":0}],"exp":0,"traits":[{"code":22,"dataId":0,"value":0.95},{"code":22,"dataId":1,"value":0.05},{"code":31,"dataId":1,"value":0}],"gold":0,"name":"","note":"","params":[100,0,10,10,10,10,10,10]},
{"id":25,"actions":[{"conditionParam1":0,"conditionParam2":0,"conditionType":0,"rating":5,"skillId":1}],"battlerHue":0,"battlerName":"","dropItems":[{"dataId":1,"denominator":1,"kind":0},{"dataId":1,"denominator":1,"kind":0},{"dataId":1,"denominator":1,"kind":0}],"exp":0,"traits":[{"code":22,"dataId":0,"value":0.95},{"code":22,"dataId":1,"value":0.05},{"code":31,"dataId":1,"value":0}],"gold":0,"name":"","note":"","params":[100,0,10,10,10,10,10,10]},
{"id":26,"actions":[{"conditionParam1":0,"conditionParam2":0,"conditionType":0,"rating":5,"skillId":1}],"battlerHue":0,"battlerName":"","dropItems":[{"dataId":1,"denominator":1,"kind":0},{"dataId":1,"denominator":1,"kind":0},{"dataId":1,"denominator":1,"kind":0}],"exp":0,"traits":[{"code":22,"dataId":0,"value":0.95},{"code":22,"dataId":1,"value":0.05},{"code":31,"dataId":1,"value":0}],"gold":0,"name":"","note":"","params":[100,0,10,10,10,10,10,10]},
{"id":27,"actions":[{"conditionParam1":0,"conditionParam2":0,"conditionType":0,"rating":5,"skillId":1}],"battlerHue":0,"battlerName":"","dropItems":[{"dataId":1,"denominator":1,"kind":0},{"dataId":1,"denominator":1,"kind":0},{"dataId":1,"denominator":1,"kind":0}],"exp":0,"traits":[{"code":22,"dataId":0,"value":0.95},{"code":22,"dataId":1,"value":0.05},{"code":31,"dataId":1,"value":0}],"gold":0,"name":"","note":"","params":[100,0,10,10,10,10,10,10]},
{"id":28,"actions":[{"conditionParam1":0,"conditionParam2":0,"conditionType":0,"rating":5,"skillId":1}],"battlerHue":0,"battlerName":"","dropItems":[{"dataId":1,"denominator":1,"kind":0},{"dataId":1,"denominator":1,"kind":0},{"dataId":1,"denominator":1,"kind":0}],"exp":0,"traits":[{"code":22,"dataId":0,"value":0.95},{"code":22,"dataId":1,"value":0.05},{"code":31,"dataId":1,"value":0}],"gold":0,"name":"","note":"","params":[100,0,10,10,10,10,10,10]},
{"id":29,"actions":[{"conditionParam1":0,"conditionParam2":0,"conditionType":0,"rating":5,"skillId":1}],"battlerHue":0,"battlerName":"","dropItems":[{"dataId":1,"denominator":1,"kind":0},{"dataId":1,"denominator":1,"kind":0},{"dataId":1,"denominator":1,"kind":0}],"exp":0,"traits":[{"code":22,"dataId":0,"value":0.95},{"code":22,"dataId":1,"value":0.05},{"code":31,"dataId":1,"value":0}],"gold":0,"name":"","note":"","params":[100,0,10,10,10,10,10,10]},
{"id":30,"actions":[{"conditionParam1":0,"conditionParam2":0,"conditionType":0,"rating":5,"skillId":1}],"battlerHue":0,"battlerName":"","dropItems":[{"dataId":1,"denominator":1,"kind":0},{"dataId":1,"denominator":1,"kind":0},{"dataId":1,"denominator":1,"kind":0}],"exp":0,"traits":[{"code":22,"dataId":0,"value":0.95},{"code":22,"dataId":1,"value":0.05},{"code":31,"dataId":1,"value":0}],"gold":0,"name":"","note":"","params":[100,0,10,10,10,10,10,10]},
{"id":31,"actions":[{"conditionParam1":0,"conditionParam2":0,"conditionType":0,"rating":5,"skillId":1}],"battlerHue":0,"battlerName":"","dropItems":[{"dataId":1,"denominator":1,"kind":0},{"dataId":1,"denominator":1,"kind":0},{"dataId":1,"denominator":1,"kind":0}],"exp":0,"traits":[{"code":22,"dataId":0,"value":0.95},{"code":22,"dataId":1,"value":0.05},{"code":31,"dataId":1,"value":0}],"gold":0,"name":"-----Neutrals-----","note":"","params":[100,0,10,10,10,10,10,10]},
{"id":32,"actions":[],"battlerHue":0,"battlerName":"Ghost","dropItems":[{"dataId":1,"denominator":1,"kind":0},{"dataId":1,"denominator":1,"kind":0},{"dataId":1,"denominator":1,"kind":0}],"exp":0,"traits":[{"code":22,"dataId":0,"value":0.95},{"code":22,"dataId":1,"value":0.05},{"code":31,"dataId":1,"value":0},{"code":14,"dataId":1,"value":1}],"gold":0,"name":"Invincible Neutral","note":"<letbs>\nskip_auto_selection\nhide_status_window\n</letbs>","params":[99999,0,8,6,14,6,22,30]},
{"id":33,"actions":[],"battlerHue":0,"battlerName":"","dropItems":[{"dataId":1,"denominator":1,"kind":0},{"dataId":1,"denominator":1,"kind":0},{"dataId":1,"denominator":1,"kind":0}],"exp":0,"traits":[{"code":22,"dataId":0,"value":1},{"code":31,"dataId":1,"value":0}],"gold":0,"name":"Tile Effect Launcher","note":"","params":[1,0,1,1,1,1,1,1]},
{"id":34,"actions":[],"battlerHue":0,"battlerName":"","dropItems":[{"dataId":1,"denominator":1,"kind":0},{"dataId":1,"denominator":1,"kind":0},{"dataId":1,"denominator":1,"kind":0}],"exp":0,"traits":[{"code":22,"dataId":0,"value":0.95},{"code":22,"dataId":1,"value":0.05},{"code":31,"dataId":1,"value":0}],"gold":0,"name":"Ice Block","note":"<letbs>\nskip_auto_selection\nbody_anim(idle): 251, 252, 253, 254\ncollapse_anim: 255\nhide_status_window\n</letbs>","params":[20,0,1,1,1,1,1,1]},
{"id":35,"actions":[],"battlerHue":0,"battlerName":"Wooden Chest","dropItems":[{"dataId":1,"denominator":1,"kind":0},{"dataId":1,"denominator":1,"kind":0},{"dataId":1,"denominator":1,"kind":0}],"exp":0,"traits":[{"code":22,"dataId":0,"value":0.95},{"code":22,"dataId":1,"value":0.05},{"code":31,"dataId":1,"value":0}],"gold":0,"name":"Wooden Chest","note":"<letbs_sprite>\npose(idle): use_chara, !Chest, 4\nturn_order: auto\nstatus_sprite: auto\n</letbs_sprite>\n\n<letbs>\nsequence(dead): dead_vanish\nskip_auto_selection\nhide_status_window\n</letbs>\n\n<Letbs_Scan_Text>\nA wooden chest.\nWhat might it contain?\n</Letbs_Scan_Text>\n\n<Letbs_Scan_Options>\npicture: base\nshow_stats: false\n</Letbs_Scan_Options>\n\n<Letbs_Scan_Commands>\nOpen; 77; circle(1); event(2)\nPush; 78; circle(1); event(1)\n</Letbs_Scan_Commands>","params":[50,1,1,1,1,1,1,1]},
{"id":36,"actions":[],"battlerHue":0,"battlerName":"Silver Chest","dropItems":[{"dataId":1,"denominator":1,"kind":0},{"dataId":1,"denominator":1,"kind":0},{"dataId":1,"denominator":1,"kind":0}],"exp":0,"traits":[{"code":22,"dataId":0,"value":0.95},{"code":22,"dataId":1,"value":0.05},{"code":31,"dataId":1,"value":0}],"gold":0,"name":"Silver Chest","note":"<letbs_sprite>\npose(idle): use_chara, !Chest, 5\nturn_order: auto\nstatus_sprite: auto\n</letbs_sprite>\n\n<letbs>\nsequence(dead): dead_vanish\nskip_auto_selection\nhide_status_window\n</letbs>\n\n<Letbs_Scan_Text>\nA silver chest.\nWhat might it contain?\n</Letbs_Scan_Text>\n\n<Letbs_Scan_Options>\npicture: base\nshow_stats: false\n</Letbs_Scan_Options>\n\n<Letbs_Scan_Commands>\nOpen; 77; circle(1); event(3)\nPush; 78; circle(1); event(1)\n</Letbs_Scan_Commands>","params":[50,1,1,1,1,1,1,1]},
{"id":37,"actions":[],"battlerHue":0,"battlerName":"Golden Chest","dropItems":[{"dataId":1,"denominator":1,"kind":0},{"dataId":1,"denominator":1,"kind":0},{"dataId":1,"denominator":1,"kind":0}],"exp":0,"traits":[{"code":22,"dataId":0,"value":0.95},{"code":22,"dataId":1,"value":0.05},{"code":31,"dataId":1,"value":0}],"gold":0,"name":"Golden Chest","note":"<letbs_sprite>\npose(idle): use_chara, !Chest, 1\nturn_order: auto\nstatus_sprite: auto\n</letbs_sprite>\n\n<letbs>\nsequence(dead): dead_vanish\nskip_auto_selection\nhide_status_window\n</letbs>\n\n<Letbs_Scan_Text>\nA rare golden chest!!\n</Letbs_Scan_Text>\n\n<Letbs_Scan_Options>\npicture: base\nshow_stats: false\n</Letbs_Scan_Options>\n\n<Letbs_Scan_Commands>\nOpen; 77; circle(1); event(4)\nPush; 78; circle(1); event(1)\n</Letbs_Scan_Commands>","params":[50,1,1,1,1,1,1,1]},
{"id":38,"actions":[],"battlerHue":0,"battlerName":"Wooden Chest","dropItems":[{"dataId":1,"denominator":1,"kind":0},{"dataId":1,"denominator":1,"kind":0},{"dataId":1,"denominator":1,"kind":0}],"exp":0,"traits":[{"code":14,"dataId":1,"value":1}],"gold":0,"name":"Stolen Goods","note":"<letbs_sprite>\npose(idle): use_chara, !Chest, 7\nturn_order: auto\nstatus_sprite: auto\n</letbs_sprite>\n\n<letbs>\nsequence(dead): dead_vanish\nskip_auto_selection\nhide_status_window\n</letbs>\n\n<Letbs_Scan_Text>\nThe goods the bandits stole.\nWe should get them back.\n</Letbs_Scan_Text>\n\n<Letbs_Scan_Options>\npicture: base\nshow_stats: false\n</Letbs_Scan_Options>\n\n<Letbs_Scan_Commands>\nPick Up; 77; circle(1); event(6)\nPush; 78; circle(1); event(1)\n</Letbs_Scan_Commands>","params":[1,1,1,1,1,1,1,1]},
{"id":39,"actions":[{"conditionParam1":0,"conditionParam2":0,"conditionType":0,"rating":5,"skillId":1}],"battlerHue":0,"battlerName":"","dropItems":[{"dataId":1,"denominator":1,"kind":0},{"dataId":1,"denominator":1,"kind":0},{"dataId":1,"denominator":1,"kind":0}],"exp":0,"traits":[{"code":22,"dataId":0,"value":0.95},{"code":22,"dataId":1,"value":0.05},{"code":31,"dataId":1,"value":0}],"gold":0,"name":"","note":"","params":[100,0,10,10,10,10,10,10]},
{"id":40,"actions":[{"conditionParam1":0,"conditionParam2":0,"conditionType":0,"rating":5,"skillId":1}],"battlerHue":0,"battlerName":"","dropItems":[{"dataId":1,"denominator":1,"kind":0},{"dataId":1,"denominator":1,"kind":0},{"dataId":1,"denominator":1,"kind":0}],"exp":0,"traits":[{"code":22,"dataId":0,"value":0.95},{"code":22,"dataId":1,"value":0.05},{"code":31,"dataId":1,"value":0}],"gold":0,"name":"","note":"","params":[100,0,10,10,10,10,10,10]},
{"id":41,"actions":[{"conditionParam1":0,"conditionParam2":0,"conditionType":0,"rating":5,"skillId":1}],"battlerHue":0,"battlerName":"","dropItems":[{"dataId":1,"denominator":1,"kind":0},{"dataId":1,"denominator":1,"kind":0},{"dataId":1,"denominator":1,"kind":0}],"exp":0,"traits":[{"code":22,"dataId":0,"value":0.95},{"code":22,"dataId":1,"value":0.05},{"code":31,"dataId":1,"value":0}],"gold":0,"name":"","note":"","params":[100,0,10,10,10,10,10,10]},
{"id":42,"actions":[{"conditionParam1":0,"conditionParam2":0,"conditionType":0,"rating":5,"skillId":1}],"battlerHue":0,"battlerName":"","dropItems":[{"dataId":1,"denominator":1,"kind":0},{"dataId":1,"denominator":1,"kind":0},{"dataId":1,"denominator":1,"kind":0}],"exp":0,"traits":[{"code":22,"dataId":0,"value":0.95},{"code":22,"dataId":1,"value":0.05},{"code":31,"dataId":1,"value":0}],"gold":0,"name":"","note":"","params":[100,0,10,10,10,10,10,10]},
{"id":43,"actions":[{"conditionParam1":0,"conditionParam2":0,"conditionType":0,"rating":5,"skillId":1}],"battlerHue":0,"battlerName":"","dropItems":[{"dataId":1,"denominator":1,"kind":0},{"dataId":1,"denominator":1,"kind":0},{"dataId":1,"denominator":1,"kind":0}],"exp":0,"traits":[{"code":22,"dataId":0,"value":0.95},{"code":22,"dataId":1,"value":0.05},{"code":31,"dataId":1,"value":0}],"gold":0,"name":"","note":"","params":[100,0,10,10,10,10,10,10]},
{"id":44,"actions":[{"conditionParam1":0,"conditionParam2":0,"conditionType":0,"rating":5,"skillId":1}],"battlerHue":0,"battlerName":"","dropItems":[{"dataId":1,"denominator":1,"kind":0},{"dataId":1,"denominator":1,"kind":0},{"dataId":1,"denominator":1,"kind":0}],"exp":0,"traits":[{"code":22,"dataId":0,"value":0.95},{"code":22,"dataId":1,"value":0.05},{"code":31,"dataId":1,"value":0}],"gold":0,"name":"","note":"","params":[100,0,10,10,10,10,10,10]},
{"id":45,"actions":[{"conditionParam1":0,"conditionParam2":0,"conditionType":0,"rating":5,"skillId":1}],"battlerHue":0,"battlerName":"","dropItems":[{"dataId":1,"denominator":1,"kind":0},{"dataId":1,"denominator":1,"kind":0},{"dataId":1,"denominator":1,"kind":0}],"exp":0,"traits":[{"code":22,"dataId":0,"value":0.95},{"code":22,"dataId":1,"value":0.05},{"code":31,"dataId":1,"value":0}],"gold":0,"name":"","note":"","params":[100,0,10,10,10,10,10,10]},
{"id":46,"actions":[{"conditionParam1":0,"conditionParam2":0,"conditionType":0,"rating":5,"skillId":1}],"battlerHue":0,"battlerName":"","dropItems":[{"dataId":1,"denominator":1,"kind":0},{"dataId":1,"denominator":1,"kind":0},{"dataId":1,"denominator":1,"kind":0}],"exp":0,"traits":[{"code":22,"dataId":0,"value":0.95},{"code":22,"dataId":1,"value":0.05},{"code":31,"dataId":1,"value":0}],"gold":0,"name":"","note":"","params":[100,0,10,10,10,10,10,10]},
{"id":47,"actions":[{"conditionParam1":0,"conditionParam2":0,"conditionType":0,"rating":5,"skillId":1}],"battlerHue":0,"battlerName":"","dropItems":[{"dataId":1,"denominator":1,"kind":0},{"dataId":1,"denominator":1,"kind":0},{"dataId":1,"denominator":1,"kind":0}],"exp":0,"traits":[{"code":22,"dataId":0,"value":0.95},{"code":22,"dataId":1,"value":0.05},{"code":31,"dataId":1,"value":0}],"gold":0,"name":"","note":"","params":[100,0,10,10,10,10,10,10]},
{"id":48,"actions":[{"conditionParam1":0,"conditionParam2":0,"conditionType":0,"rating":5,"skillId":1}],"battlerHue":0,"battlerName":"","dropItems":[{"dataId":1,"denominator":1,"kind":0},{"dataId":1,"denominator":1,"kind":0},{"dataId":1,"denominator":1,"kind":0}],"exp":0,"traits":[{"code":22,"dataId":0,"value":0.95},{"code":22,"dataId":1,"value":0.05},{"code":31,"dataId":1,"value":0}],"gold":0,"name":"","note":"","params":[100,0,10,10,10,10,10,10]},
{"id":49,"actions":[{"conditionParam1":0,"conditionParam2":0,"conditionType":0,"rating":5,"skillId":1}],"battlerHue":0,"battlerName":"","dropItems":[{"dataId":1,"denominator":1,"kind":0},{"dataId":1,"denominator":1,"kind":0},{"dataId":1,"denominator":1,"kind":0}],"exp":0,"traits":[{"code":22,"dataId":0,"value":0.95},{"code":22,"dataId":1,"value":0.05},{"code":31,"dataId":1,"value":0}],"gold":0,"name":"","note":"","params":[100,0,10,10,10,10,10,10]},
{"id":50,"actions":[{"conditionParam1":0,"conditionParam2":0,"conditionType":0,"rating":5,"skillId":1}],"battlerHue":0,"battlerName":"","dropItems":[{"dataId":1,"denominator":1,"kind":0},{"dataId":1,"denominator":1,"kind":0},{"dataId":1,"denominator":1,"kind":0}],"exp":0,"traits":[{"code":22,"dataId":0,"value":0.95},{"code":22,"dataId":1,"value":0.05},{"code":31,"dataId":1,"value":0}],"gold":0,"name":"","note":"","params":[100,0,10,10,10,10,10,10]}
]