[
null,
{"id":1,"members":[{"enemyId":11,"x":392,"y":436,"hidden":false},{"enemyId":11,"x":408,"y":436,"hidden":false},{"enemyId":11,"x":424,"y":436,"hidden":false}],"name":"Trois Rattatas","pages":[{"conditions":{"actorHp":50,"actorId":1,"actorValid":false,"enemyHp":50,"enemyIndex":0,"enemyValid":false,"switchId":1,"switchValid":false,"turnA":0,"turnB":0,"turnEnding":false,"turnValid":false},"list":[{"code":0,"indent":0,"parameters":[]}],"span":0}]},
{"id":2,"members":[{"enemyId":9,"x":408,"y":436,"hidden":false}],"name":"Goupix","pages":[{"conditions":{"actorHp":50,"actorId":1,"actorValid":false,"enemyHp":50,"enemyIndex":0,"enemyValid":false,"switchId":1,"switchValid":false,"turnA":0,"turnB":0,"turnEnding":false,"turnValid":false},"list":[{"code":0,"indent":0,"parameters":[]}],"span":0}]},
{"id":3,"members":[{"enemyId":11,"x":399,"y":436,"hidden":false},{"enemyId":11,"x":417,"y":436,"hidden":false}],"name":"Rattata*2","pages":[{"conditions":{"actorHp":50,"actorId":1,"actorValid":false,"enemyHp":50,"enemyIndex":0,"enemyValid":false,"switchId":1,"switchValid":false,"turnA":0,"turnB":0,"turnEnding":false,"turnValid":true},"list":[{"code":101,"indent":0,"parameters":["",0,1,2]},{"code":401,"indent":0,"parameters":["Challenge Bonus : Ne pas prendre de dégâts de tout le "]},{"code":401,"indent":0,"parameters":["combat."]},{"code":355,"indent":0,"parameters":["Lecode.S_TBS.autoPass=true"]},{"code":355,"indent":0,"parameters":["Lecode.S_TBS.oneTimeOffense=true"]},{"code":0,"indent":0,"parameters":[]}],"span":0}]},
{"id":4,"members":[{"enemyId":11,"x":381,"y":436,"hidden":false},{"enemyId":11,"x":399,"y":436,"hidden":false},{"enemyId":12,"x":417,"y":436,"hidden":false},{"enemyId":12,"x":435,"y":436,"hidden":false}],"name":"Rattata*2, Rattatatsoin*2","pages":[{"conditions":{"actorHp":50,"actorId":1,"actorValid":false,"enemyHp":50,"enemyIndex":0,"enemyValid":false,"switchId":1,"switchValid":false,"turnA":0,"turnB":0,"turnEnding":false,"turnValid":true},"list":[{"code":101,"indent":0,"parameters":["",0,1,2]},{"code":401,"indent":0,"parameters":["Challenge Bonus : Utiliser Groz'Yeux au moins une fois avant le dernier tour."]},{"code":101,"indent":0,"parameters":["",0,1,2]},{"code":401,"indent":0,"parameters":["Nouvel adversaire : Rattatatsoin, spécialisé dans les boosts"]},{"code":401,"indent":0,"parameters":["pour taper plus fort."]},{"code":355,"indent":0,"parameters":["Lecode.S_TBS.autoPass=true"]},{"code":355,"indent":0,"parameters":["Lecode.S_TBS.oneTimeOffense=true"]},{"code":0,"indent":0,"parameters":[]}],"span":0},{"conditions":{"actorHp":50,"actorId":1,"actorValid":false,"enemyHp":50,"enemyIndex":0,"enemyValid":false,"switchId":1,"switchValid":false,"turnA":0,"turnB":0,"turnEnding":true,"turnValid":false},"list":[{"code":111,"indent":0,"parameters":[5,0,1,18]},{"code":121,"indent":1,"parameters":[1,1,0]},{"code":0,"indent":1,"parameters":[]},{"code":411,"indent":0,"parameters":[]},{"code":111,"indent":1,"parameters":[5,1,1,18]},{"code":121,"indent":2,"parameters":[1,1,0]},{"code":0,"indent":2,"parameters":[]},{"code":411,"indent":1,"parameters":[]},{"code":111,"indent":2,"parameters":[5,2,1,18]},{"code":121,"indent":3,"parameters":[1,1,0]},{"code":0,"indent":3,"parameters":[]},{"code":411,"indent":2,"parameters":[]},{"code":111,"indent":3,"parameters":[5,3,1,18]},{"code":121,"indent":4,"parameters":[1,1,0]},{"code":0,"indent":4,"parameters":[]},{"code":411,"indent":3,"parameters":[]},{"code":111,"indent":4,"parameters":[5,4,1,18]},{"code":121,"indent":5,"parameters":[1,1,0]},{"code":0,"indent":5,"parameters":[]},{"code":411,"indent":4,"parameters":[]},{"code":0,"indent":5,"parameters":[]},{"code":412,"indent":4,"parameters":[]},{"code":0,"indent":4,"parameters":[]},{"code":412,"indent":3,"parameters":[]},{"code":0,"indent":3,"parameters":[]},{"code":412,"indent":2,"parameters":[]},{"code":0,"indent":2,"parameters":[]},{"code":412,"indent":1,"parameters":[]},{"code":0,"indent":1,"parameters":[]},{"code":412,"indent":0,"parameters":[]},{"code":0,"indent":0,"parameters":[]}],"span":1}]},
{"id":5,"members":[{"enemyId":12,"x":392,"y":436,"hidden":false},{"enemyId":12,"x":408,"y":436,"hidden":false},{"enemyId":12,"x":424,"y":436,"hidden":false}],"name":"Rattatatsoin*3","pages":[{"conditions":{"actorHp":50,"actorId":1,"actorValid":false,"enemyHp":50,"enemyIndex":0,"enemyValid":false,"switchId":1,"switchValid":false,"turnA":0,"turnB":0,"turnEnding":false,"turnValid":true},"list":[{"code":0,"indent":0,"parameters":[]}],"span":0}]},
{"id":6,"members":[{"enemyId":14,"x":390,"y":436,"hidden":false},{"enemyId":14,"x":408,"y":436,"hidden":false},{"enemyId":15,"x":426,"y":436,"hidden":false}],"name":"Rattata*2, Rattatatsoin","pages":[{"conditions":{"actorHp":50,"actorId":1,"actorValid":false,"enemyHp":50,"enemyIndex":0,"enemyValid":false,"switchId":1,"switchValid":false,"turnA":0,"turnB":0,"turnEnding":false,"turnValid":true},"list":[{"code":121,"indent":0,"parameters":[1,1,0]},{"code":101,"indent":0,"parameters":["",0,1,2]},{"code":401,"indent":0,"parameters":["Challenge Bonus : Vaincre le Rattatatsoin en dernier."]},{"code":355,"indent":0,"parameters":["Lecode.S_TBS.autoPass=true"]},{"code":355,"indent":0,"parameters":["Lecode.S_TBS.oneTimeOffense=true"]},{"code":0,"indent":0,"parameters":[]}],"span":0},{"conditions":{"actorHp":50,"actorId":1,"actorValid":false,"enemyHp":0,"enemyIndex":2,"enemyValid":true,"switchId":1,"switchValid":false,"turnA":0,"turnB":0,"turnEnding":false,"turnValid":false},"list":[{"code":111,"indent":0,"parameters":[5,0,1,1]},{"code":111,"indent":1,"parameters":[5,1,1,1]},{"code":101,"indent":2,"parameters":["",0,0,2]},{"code":401,"indent":2,"parameters":["Challenge réussi !"]},{"code":0,"indent":2,"parameters":[]},{"code":411,"indent":1,"parameters":[]},{"code":121,"indent":2,"parameters":[1,1,1]},{"code":101,"indent":2,"parameters":["",0,0,2]},{"code":401,"indent":2,"parameters":["Challenge raté !"]},{"code":0,"indent":2,"parameters":[]},{"code":412,"indent":1,"parameters":[]},{"code":0,"indent":1,"parameters":[]},{"code":411,"indent":0,"parameters":[]},{"code":121,"indent":1,"parameters":[1,1,1]},{"code":101,"indent":1,"parameters":["",0,0,2]},{"code":401,"indent":1,"parameters":["Challenge raté !"]},{"code":0,"indent":1,"parameters":[]},{"code":412,"indent":0,"parameters":[]},{"code":0,"indent":0,"parameters":[]}],"span":0}]},
{"id":7,"members":[{"enemyId":16,"x":400,"y":436,"hidden":false},{"enemyId":17,"x":416,"y":436,"hidden":false}],"name":"Pingoleon, Motisma","pages":[{"conditions":{"actorHp":50,"actorId":1,"actorValid":false,"enemyHp":50,"enemyIndex":0,"enemyValid":false,"switchId":1,"switchValid":false,"turnA":0,"turnB":0,"turnEnding":false,"turnValid":false},"list":[{"code":0,"indent":0,"parameters":[]}],"span":0}]},
{"id":8,"members":[{"enemyId":14,"x":381,"y":436,"hidden":false},{"enemyId":14,"x":399,"y":436,"hidden":false},{"enemyId":15,"x":417,"y":436,"hidden":false},{"enemyId":13,"x":435,"y":436,"hidden":false}],"name":"Rattata*2, Rattatatsoin, Roittata","pages":[{"conditions":{"actorHp":50,"actorId":1,"actorValid":false,"enemyHp":50,"enemyIndex":0,"enemyValid":false,"switchId":1,"switchValid":false,"turnA":0,"turnB":0,"turnEnding":false,"turnValid":true},"list":[{"code":121,"indent":0,"parameters":[1,1,0]},{"code":101,"indent":0,"parameters":["",0,1,2]},{"code":401,"indent":0,"parameters":["Challenge Bonus : Vaincre le Roitatta en premier."]},{"code":355,"indent":0,"parameters":["Lecode.S_TBS.autoPass=true"]},{"code":355,"indent":0,"parameters":["Lecode.S_TBS.oneTimeOffense=true"]},{"code":0,"indent":0,"parameters":[]}],"span":0},{"conditions":{"actorHp":50,"actorId":1,"actorValid":false,"enemyHp":0,"enemyIndex":3,"enemyValid":true,"switchId":1,"switchValid":false,"turnA":0,"turnB":0,"turnEnding":false,"turnValid":false},"list":[{"code":111,"indent":0,"parameters":[5,0,1,1]},{"code":121,"indent":1,"parameters":[1,1,1]},{"code":101,"indent":1,"parameters":["",0,0,2]},{"code":401,"indent":1,"parameters":["Challenge raté !"]},{"code":0,"indent":1,"parameters":[]},{"code":411,"indent":0,"parameters":[]},{"code":111,"indent":1,"parameters":[5,1,1,1]},{"code":121,"indent":2,"parameters":[1,1,1]},{"code":101,"indent":2,"parameters":["",0,0,2]},{"code":401,"indent":2,"parameters":["Challenge raté !"]},{"code":0,"indent":2,"parameters":[]},{"code":411,"indent":1,"parameters":[]},{"code":111,"indent":2,"parameters":[5,2,1,1]},{"code":121,"indent":3,"parameters":[1,1,1]},{"code":101,"indent":3,"parameters":["",0,0,2]},{"code":401,"indent":3,"parameters":["Challenge raté !"]},{"code":0,"indent":3,"parameters":[]},{"code":411,"indent":2,"parameters":[]},{"code":101,"indent":3,"parameters":["",0,0,2]},{"code":401,"indent":3,"parameters":["Challenge réussi !"]},{"code":0,"indent":3,"parameters":[]},{"code":412,"indent":2,"parameters":[]},{"code":0,"indent":2,"parameters":[]},{"code":412,"indent":1,"parameters":[]},{"code":0,"indent":1,"parameters":[]},{"code":412,"indent":0,"parameters":[]},{"code":0,"indent":0,"parameters":[]}],"span":0}]},
{"id":9,"members":[],"name":"","pages":[{"conditions":{"actorHp":50,"actorId":1,"actorValid":false,"enemyHp":50,"enemyIndex":0,"enemyValid":false,"switchId":1,"switchValid":false,"turnA":0,"turnB":0,"turnEnding":false,"turnValid":false},"list":[{"code":0,"indent":0,"parameters":[]}],"span":0}]},
{"id":10,"members":[],"name":"","pages":[{"conditions":{"actorHp":50,"actorId":1,"actorValid":false,"enemyHp":50,"enemyIndex":0,"enemyValid":false,"switchId":1,"switchValid":false,"turnA":0,"turnB":0,"turnEnding":false,"turnValid":false},"list":[{"code":0,"indent":0,"parameters":[]}],"span":0}]}
]